<?xml version="1.0" encoding="utf-8" standalone="yes"?>
<?xml-stylesheet type="text/xsl" href="modx.prosilver.en.xsl"?>
<!-- For security purposes, please check: http://www.phpbb.com/mods/ for the latest version of this MOD. Although MODs are checked before being allowed in the MODs Database there is no guarantee that there are no security problems within the MOD. No support will be given for MODs not found within the MODs Database which can be found at http://www.phpbb.com/mods/-->
<!-- $Id: install.xml 1.0.0 2008-12-23 23:36:22Z Nuffmon $-->
<mod xmlns:xsi="http://www.w3.org/2001/XMLSchema-instance" xmlns="http://www.phpbb.com/mods/xml/modx-1.2.1.xsd">
  <xs:schema id="mod" targetNamespace="http://www.phpbb.com/mods/xml/modx-1.2.1.xsd" xmlns:mstns="http://www.phpbb.com/mods/xml/modx-1.2.1.xsd" xmlns="http://www.phpbb.com/mods/xml/modx-1.2.1.xsd" xmlns:xs="http://www.w3.org/2001/XMLSchema" xmlns:msdata="urn:schemas-microsoft-com:xml-msdata" attributeFormDefault="qualified" elementFormDefault="qualified">
    <xs:element name="mod" msdata:IsDataSet="true" msdata:Locale="en-US">
      <xs:complexType>
        <xs:choice minOccurs="0" maxOccurs="unbounded">
          <xs:element name="header">
            <xs:complexType>
              <xs:sequence>
                <xs:element name="license" type="xs:string" minOccurs="0" />
                <xs:element name="mod-version" type="xs:string" minOccurs="0" />
                <xs:element name="link-group" type="xs:string" minOccurs="0" />
                <xs:element name="title" nillable="true" minOccurs="0" maxOccurs="unbounded">
                  <xs:complexType>
                    <xs:simpleContent msdata:ColumnName="title_Text" msdata:Ordinal="1">
                      <xs:extension base="xs:string">
                        <xs:attribute name="lang" form="unqualified" type="xs:string" />
                      </xs:extension>
                    </xs:simpleContent>
                  </xs:complexType>
                </xs:element>
                <xs:element name="description" nillable="true" minOccurs="0" maxOccurs="unbounded">
                  <xs:complexType>
                    <xs:simpleContent msdata:ColumnName="description_Text" msdata:Ordinal="1">
                      <xs:extension base="xs:string">
                        <xs:attribute name="lang" form="unqualified" type="xs:string" />
                      </xs:extension>
                    </xs:simpleContent>
                  </xs:complexType>
                </xs:element>
                <xs:element name="author-notes" nillable="true" minOccurs="0" maxOccurs="unbounded">
                  <xs:complexType>
                    <xs:simpleContent msdata:ColumnName="author-notes_Text" msdata:Ordinal="1">
                      <xs:extension base="xs:string">
                        <xs:attribute name="lang" form="unqualified" type="xs:string" />
                      </xs:extension>
                    </xs:simpleContent>
                  </xs:complexType>
                </xs:element>
                <xs:element name="author-group" minOccurs="0" maxOccurs="unbounded">
                  <xs:complexType>
                    <xs:sequence>
                      <xs:element name="author" minOccurs="0" maxOccurs="unbounded">
                        <xs:complexType>
                          <xs:sequence>
                            <xs:element name="realname" type="xs:string" minOccurs="0" />
                            <xs:element name="email" type="xs:string" minOccurs="0" />
                            <xs:element name="username" type="xs:string" minOccurs="0" />
                            <xs:element name="homepage" type="xs:string" minOccurs="0" />
                            <xs:element name="contributions" type="xs:string" minOccurs="0" />
                          </xs:sequence>
                        </xs:complexType>
                      </xs:element>
                    </xs:sequence>
                  </xs:complexType>
                </xs:element>
                <xs:element name="installation" minOccurs="0" maxOccurs="unbounded">
                  <xs:complexType>
                    <xs:sequence>
                      <xs:element name="level" type="xs:string" minOccurs="0" />
                      <xs:element name="time" type="xs:string" minOccurs="0" />
                      <xs:element name="target-version" type="xs:string" minOccurs="0" />
                    </xs:sequence>
                  </xs:complexType>
                </xs:element>
                <xs:element name="meta" minOccurs="0" maxOccurs="unbounded">
                  <xs:complexType>
                    <xs:attribute name="name" form="unqualified" type="xs:string" />
                    <xs:attribute name="content" form="unqualified" type="xs:string" />
                  </xs:complexType>
                </xs:element>
              </xs:sequence>
            </xs:complexType>
          </xs:element>
          <xs:element name="action-group">
            <xs:complexType>
              <xs:sequence>
                <xs:element name="copy" minOccurs="0" maxOccurs="unbounded">
                  <xs:complexType>
                    <xs:sequence>
                      <xs:element name="file" minOccurs="0" maxOccurs="unbounded">
                        <xs:complexType>
                          <xs:attribute name="from" form="unqualified" type="xs:string" />
                          <xs:attribute name="to" form="unqualified" type="xs:string" />
                        </xs:complexType>
                      </xs:element>
                    </xs:sequence>
                  </xs:complexType>
                </xs:element>
                <xs:element name="open" minOccurs="0" maxOccurs="unbounded">
                  <xs:complexType>
                    <xs:sequence>
                      <xs:element name="edit" minOccurs="0" maxOccurs="unbounded">
                        <xs:complexType>
                          <xs:sequence>
                            <xs:element name="find" type="xs:string" minOccurs="0" />
                            <xs:element name="action" nillable="true" minOccurs="0" maxOccurs="unbounded">
                              <xs:complexType>
                                <xs:simpleContent msdata:ColumnName="action_Text" msdata:Ordinal="1">
                                  <xs:extension base="xs:string">
                                    <xs:attribute name="type" form="unqualified" type="xs:string" />
                                  </xs:extension>
                                </xs:simpleContent>
                              </xs:complexType>
                            </xs:element>
                            <xs:element name="inline-edit" minOccurs="0" maxOccurs="unbounded">
                              <xs:complexType>
                                <xs:sequence>
                                  <xs:element name="inline-find" type="xs:string" minOccurs="0" />
                                  <xs:element name="inline-action" nillable="true" minOccurs="0" maxOccurs="unbounded">
                                    <xs:complexType>
                                      <xs:simpleContent msdata:ColumnName="inline-action_Text" msdata:Ordinal="1">
                                        <xs:extension base="xs:string">
                                          <xs:attribute name="type" form="unqualified" type="xs:string" />
                                        </xs:extension>
                                      </xs:simpleContent>
                                    </xs:complexType>
                                  </xs:element>
                                </xs:sequence>
                              </xs:complexType>
                            </xs:element>
                          </xs:sequence>
                        </xs:complexType>
                      </xs:element>
                    </xs:sequence>
                    <xs:attribute name="src" form="unqualified" type="xs:string" />
                  </xs:complexType>
                </xs:element>
                <xs:element name="diy-instructions" nillable="true" minOccurs="0" maxOccurs="unbounded">
                  <xs:complexType>
                    <xs:simpleContent msdata:ColumnName="diy-instructions_Text" msdata:Ordinal="1">
                      <xs:extension base="xs:string">
                        <xs:attribute name="lang" form="unqualified" type="xs:string" />
                      </xs:extension>
                    </xs:simpleContent>
                  </xs:complexType>
                </xs:element>
              </xs:sequence>
            </xs:complexType>
          </xs:element>
        </xs:choice>
      </xs:complexType>
    </xs:element>
  </xs:schema>
  <header>
    <license>http://opensource.org/licenses/gpl-license.php GNU General Public License v2</license>
    <mod-version>2.1.0</mod-version>
    <link-group />
    <title lang="en-gb">Smartor's Photo Album Add-on</title>
    <description lang="en-gb">Smartor's Photo Album Add-on ported to phpBB3</description>
    <author-notes lang="en-gb">Please root all bugs to http://smartor.is-root.com</author-notes>
    <author-group>
      <author>
        <realname>Chris Hill</realname>
        <email>nuffmon@hotmail.com</email>
        <username>Nuffmon</username>
        <homepage>http://smartor.is-root.com</homepage>
        <contributions />
      </author>
    </author-group>
    <installation>
      <level>easy</level>
      <time>300</time>
      <target-version>3.0.4</target-version>
    </installation>
    <meta name="generator" content="Phpbb.ModTeam.Tools (c#)" />
  </header>
  <action-group>
    <copy>
      <file from="root/adm/style/album/*.*" to="adm/style/album/*.*" />
      <file from="root/album/*.*" to="album/*.*" />
      <file from="root/album/upload/*.*" to="gallery/album/upload/*.*" />
      <file from="root/album/upload/cache/*.*" to="album/upload/cache/*.*" />
      <file from="root/includes/acp/*.*" to="includes/acp/*.*" />
      <file from="root/includes/acp/info/*.*" to="includes/acp/info/*.*" />
      <file from="root/install/*.*" to="install/*.*" />
      <file from="root/language/en/acp/*.*" to="language/en/acp/*.*" />
      <file from="root/language/en/mods/*.*" to="language/en/mods/*.*" />
      <file from="root/styles/subsilver2/imageset/en/album/*.*" to="styles/subsilver2/imageset/en/album/*.*" />
      <file from="root/styles/subsilver2/template/album/*.*" to="styles/subsilver2/template/album/*.*" />
      <file from="root/styles/subsilver2/theme/images/*.*" to="styles/subsilver2/theme/images/*.*" />
    </copy>
    <open src="includes/acp/acp_styles.php">
      <edit>
        <find>				'icon_back_top', 'icon_contact_aim', 'icon_contact_email', 'icon_contact_icq', 'icon_contact_jabber', 'icon_contact_msnm', 'icon_contact_pm', 'icon_contact_yahoo', 'icon_contact_www', 'icon_post_delete', 'icon_post_edit', 'icon_post_info', 'icon_post_quote', 'icon_post_report', 'icon_user_online', 'icon_user_offline', 'icon_user_profile', 'icon_user_search', 'icon_user_warn', 'button_pm_forward', 'button_pm_new', 'button_pm_reply', 'button_topic_locked', 'button_topic_new', 'button_topic_reply',</find>
        <inline-edit>
          <inline-find> 'button_topic_reply',</inline-find>
          <inline-action type="after-add"> 'button_album_upload',</inline-action>
        </inline-edit>
      </edit>
    </open>
    <open src="styles/subsilver2/imageset/en/imageset.cfg">
      <edit>
        <find>img_button_topic_reply = button_topic_reply.gif*25*96</find>
        <action type="after-add">img_button_album_upload = album/upload_pic.gif</action>
      </edit>
    </open>
    <open src="styles/subsilver2/template/overall_header.html">
      <edit>
        <find>			&lt;td class="genmed" align="{S_CONTENT_FLOW_END}"&gt;</find>
        <action type="after-add">				&lt;a href="{ROOT_PATH}album/album.php{SID}{SESSION_ID}"&gt;
&lt;img src="{T_THEME_PATH}/images/icon_mini_album.gif" width="12" height="13" alt="*" /&gt; {L_ALBUM}&lt;/a&gt;&amp;nbsp; &amp;nbsp;</action>
      </edit>
    </open>
    <open src="common.php">
      <edit>
        <find>?&gt;</find>
        <action type="before-add">// Include album information
@include($phpbb_root_path . 'album/album_common_lite' . '.' . $phpEx);</action>
      </edit>
    </open>
    <diy-instructions lang="en-gb">Run the following SQL 
(Change prefix to whatever you are using for phpBB3)

CREATE TABLE phpbb_album (
	pic_id int(11) UNSIGNED NOT NULL auto_increment,
	pic_filename varchar(255) NOT NULL,
	pic_thumbnail varchar(255),
	pic_title varchar(255) NOT NULL,
	pic_desc text,
	pic_user_id mediumint(8) NOT NULL,
	pic_username varchar(32),
	pic_user_ip char(8) NOT NULL DEFAULT '0',
	pic_time int(11) UNSIGNED NOT NULL,
	pic_cat_id mediumint(8) UNSIGNED NOT NULL DEFAULT '1',
	pic_view_count int(11) UNSIGNED NOT NULL DEFAULT '0',
	pic_lock tinyint(3) NOT NULL DEFAULT '0',
	pic_approval tinyint(3) NOT NULL DEFAULT '1',
	PRIMARY KEY (pic_id),
	KEY pic_cat_id (pic_cat_id),
	KEY pic_user_id (pic_user_id),
	KEY pic_time (pic_time));

CREATE TABLE phpbb_album_rate (
	rate_pic_id int(11) UNSIGNED NOT NULL,
	rate_user_id mediumint(8) NOT NULL,
	rate_user_ip char(8) NOT NULL,
	rate_point tinyint(3) UNSIGNED NOT NULL,
	KEY rate_pic_id (rate_pic_id),
	KEY rate_user_id (rate_user_id),
	KEY rate_user_ip (rate_user_ip),
	KEY rate_point (rate_point));

CREATE TABLE phpbb_album_comment (
	comment_id int(11) UNSIGNED NOT NULL auto_increment,
	comment_pic_id int(11) UNSIGNED NOT NULL,
	comment_user_id mediumint(8) NOT NULL,
	comment_username varchar(32),
	comment_user_ip char(8) NOT NULL,
	comment_time int(11) UNSIGNED NOT NULL,
	comment_text TEXT,
	comment_edit_time int(11) UNSIGNED,
	comment_edit_count smallint(5) UNSIGNED NOT NULL DEFAULT '0',
	comment_edit_user_id mediumint(8),
	PRIMARY KEY(comment_id),
	KEY comment_pic_id (comment_pic_id),
	KEY comment_user_id (comment_user_id),
	KEY comment_user_ip (comment_user_ip),
	KEY comment_time (comment_time));

CREATE TABLE phpbb_album_cat (
	cat_id mediumint(8) UNSIGNED NOT NULL auto_increment,
	cat_title varchar(255) NOT NULL,
	cat_desc text,
	cat_order mediumint(8) NOT NULL,
	cat_view_level tinyint(3) NOT NULL DEFAULT '-1',
	cat_upload_level tinyint(3) NOT NULL DEFAULT '0',
	cat_rate_level tinyint(3) NOT NULL DEFAULT '0',
	cat_comment_level tinyint(3) NOT NULL DEFAULT '0',
	cat_edit_level tinyint(3) NOT NULL DEFAULT '0',
	cat_delete_level tinyint(3) NOT NULL DEFAULT '2',
	cat_view_groups varchar(255),
	cat_upload_groups varchar(255),
	cat_rate_groups varchar(255),
	cat_comment_groups varchar(255),
	cat_edit_groups varchar(255),
	cat_delete_groups varchar(255),
	cat_moderator_groups varchar(255),
	cat_approval tinyint(3) NOT NULL DEFAULT '0',
	PRIMARY KEY (cat_id),
	KEY cat_order (cat_order));

CREATE TABLE phpbb_album_config (
	config_name varchar(255) NOT NULL,
	config_value varchar(255) NOT NULL,
	PRIMARY KEY (config_name));

INSERT INTO phpbb_album_config VALUES ('max_pics', '1024');
INSERT INTO phpbb_album_config VALUES ('user_pics_limit', '50');
INSERT INTO phpbb_album_config VALUES ('mod_pics_limit', '250');
INSERT INTO phpbb_album_config VALUES ('max_file_size', '128000');
INSERT INTO phpbb_album_config VALUES ('max_width', '800');
INSERT INTO phpbb_album_config VALUES ('max_height', '600');
INSERT INTO phpbb_album_config VALUES ('rows_per_page', '3');
INSERT INTO phpbb_album_config VALUES ('cols_per_page', '4');
INSERT INTO phpbb_album_config VALUES ('fullpic_popup', '1');
INSERT INTO phpbb_album_config VALUES ('thumbnail_quality', '50');
INSERT INTO phpbb_album_config VALUES ('thumbnail_size', '125');
INSERT INTO phpbb_album_config VALUES ('thumbnail_cache', '1');
INSERT INTO phpbb_album_config VALUES ('sort_method', 'pic_time');
INSERT INTO phpbb_album_config VALUES ('sort_order', 'DESC');
INSERT INTO phpbb_album_config VALUES ('jpg_allowed', '1');
INSERT INTO phpbb_album_config VALUES ('png_allowed', '1');
INSERT INTO phpbb_album_config VALUES ('gif_allowed', '0');
INSERT INTO phpbb_album_config VALUES ('desc_length', '512');
INSERT INTO phpbb_album_config VALUES ('hotlink_prevent', '0');
INSERT INTO phpbb_album_config VALUES ('hotlink_allowed', 'smartor.is-root.com');
INSERT INTO phpbb_album_config VALUES ('personal_gallery', '0');
INSERT INTO phpbb_album_config VALUES ('personal_gallery_private', '0');
INSERT INTO phpbb_album_config VALUES ('personal_gallery_limit', '10');
INSERT INTO phpbb_album_config VALUES ('personal_gallery_view', '-1');
INSERT INTO phpbb_album_config VALUES ('rate', '1');
INSERT INTO phpbb_album_config VALUES ('rate_scale', '10');
INSERT INTO phpbb_album_config VALUES ('comment', '1');
INSERT INTO phpbb_album_config VALUES ('gd_version', '2');
INSERT INTO phpbb_album_config VALUES ('album_version', '.1.0');

CHMOD 777 (with your FTP-client)
album_mod/upload
album_mod/upload/cache

Clear your cache in the "Administration Control Panel" (ACP) &gt; "General" &gt; "Purge the cache"

Refresh your Styles:
    "Administration Control Panel" (ACP) &gt; "Styles" &gt; "Templates" &gt; each &gt; "refresh"
    "Administration Control Panel" (ACP) &gt; "Styles" &gt; "Themes" &gt; each &gt; "refresh"
    "Administration Control Panel" (ACP) &gt; "Styles" &gt; "Imagesets" &gt; each &gt; "refresh"

To upgrade from phpBB2, install phpBB3 then change the prefix of your album tables to the same as phpBB3.
Copy image files across from album_mod/upload and album_mod/upload/cahe paths to the album/upload and album/upload/cache folders. 
</diy-instructions>
  </action-group>
</mod>